{
  "project_info": {
    "project_number": "989697698548",
    "project_id": "ecommerce-476e9",
    "storage_bucket": "ecommerce-476e9.appspot.com"
  },
  "client": [
    {
      "client_info": {
        "mobilesdk_app_id": "1:989697698548:android:4a44f683f6f4a2eb3fcca1",
        "android_client_info": {
          "package_name": "br.com.posgraduacao.ecommerce"
        }
      },
      "oauth_client": [
        {
          "client_id": "989697698548-1l6edi70k1q22g3639vmt1pjr6v8v82o.apps.googleusercontent.com",
          "client_type": 3
        }
      ],
      "api_key": [
        {
          "current_key": "AIzaSyCj6TTvv2oc0n-yI5p_7nOksCIR5VF1muY"
        }
      ],
      "services": {
        "appinvite_service": {
          "other_platform_oauth_client": [
            {
              "client_id": "989697698548-1l6edi70k1q22g3639vmt1pjr6v8v82o.apps.googleusercontent.com",
              "client_type": 3
            }
          ]
        }
      }
    }
  ],
  "configuration_version": "1"
}